{
  "strict_le6_plus_internal": {
    "estimand": "balanced accuracy on le6_plus_internal public validation; runner key is dedup_val",
    "baseline": {
      "label": "baseline",
      "n": 10,
      "seeds": [
        0,
        1,
        2,
        3,
        4,
        5,
        6,
        7,
        8,
        9
      ],
      "dedup_val_bal_acc_mean": 0.7728361677586091,
      "dedup_val_bal_acc_sd": 0.009034969503158631
    },
    "le6": {
      "label": "le6",
      "n": 10,
      "seeds": [
        0,
        1,
        2,
        3,
        4,
        5,
        6,
        7,
        8,
        9
      ],
      "dedup_val_bal_acc_mean": 0.7764894730980726,
      "dedup_val_bal_acc_sd": 0.01006975453306905
    },
    "delta_le6_minus_baseline": 0.0036533053394635084
  },
  "matched_arm_completion": {
    "estimand": "balanced accuracy on original CV2024 public validation; runner key is orig_val",
    "random": {
      "label": "random",
      "n": 10,
      "seeds": [
        0,
        1,
        2,
        3,
        4,
        5,
        6,
        7,
        8,
        9
      ],
      "orig_val_bal_acc_mean": 0.7791568870302789,
      "orig_val_bal_acc_sd": 0.005150929227435738
    },
    "compA": {
      "label": "compA",
      "n": 10,
      "seeds": [
        0,
        1,
        2,
        3,
        4,
        5,
        6,
        7,
        8,
        9
      ],
      "orig_val_bal_acc_mean": 0.6647107370462535,
      "orig_val_bal_acc_sd": 0.002899969559559695
    }
  }
}
