{
  "generated_at": "2026-05-05T17:28:31Z",
  "status": "complete",
  "baseline_reference": "results/baseline/phase5_v5_baseline_n10.json",
  "rows": [
    {
      "arm": "le0",
      "label": "le0 exact removed",
      "train_rows": 21241,
      "kvasir_kept": 10645,
      "n": 10,
      "seeds": [
        0,
        1,
        2,
        3,
        4,
        5,
        6,
        7,
        8,
        9
      ],
      "orig_val_bal_acc_mean": 0.8128534131745093,
      "orig_val_bal_acc_sd": 0.0069488686288661245,
      "delta_vs_baseline_mean": -0.012328942856949954,
      "delta_vs_baseline_sd": 0.009875070890330805,
      "delta_vs_baseline_se": 0.003122771606907217,
      "source_json": "results/le0_le2_extension/phase5_v4_le0_n10.json"
    },
    {
      "arm": "le2",
      "label": "le2 strict near-duplicate",
      "train_rows": 10825,
      "kvasir_kept": 229,
      "n": 10,
      "seeds": [
        0,
        1,
        2,
        3,
        4,
        5,
        6,
        7,
        8,
        9
      ],
      "orig_val_bal_acc_mean": 0.712029170967318,
      "orig_val_bal_acc_sd": 0.008252104287232514,
      "delta_vs_baseline_mean": -0.11315318506414129,
      "delta_vs_baseline_sd": 0.007756190672867557,
      "delta_vs_baseline_se": 0.0024527228492815427,
      "source_json": "results/le0_le2_extension/phase5_v4_le2_n10.json"
    }
  ]
}
