{
  "hash_bits_total": 128,
  "p_joint_le6_random": 1.6748429501562026e-29,
  "p_joint_eq0_random": 2.938735877055719e-39,
  "total_comparisons": 626704218,
  "expected_random_hits_le6": 1.049631141350456e-20,
  "expected_random_hits_eq0": 1.8417181697387484e-30,
  "per_cross_bench": {
    "HK x KVASIR": {
      "vol": 411467904,
      "expected_le6": 6.891441182299491e-21
    },
    "HK x SEE-AI": {
      "vol": 152306670,
      "expected_le6": 2.550897525112672e-21
    },
    "HK x KID": {
      "vol": 5768142,
      "expected_le6": 9.6607319641999e-23
    },
    "HK x AIIMS": {
      "vol": 3422502,
      "expected_le6": 5.732153346595504e-23
    },
    "Kvasir-SEG x KVASIR": {
      "vol": 38592000,
      "expected_le6": 6.463553913242817e-22
    },
    "Kvasir-SEG x SEE-AI": {
      "vol": 14285000,
      "expected_le6": 2.3925131542981352e-22
    },
    "Kvasir-SEG x KID": {
      "vol": 541000,
      "expected_le6": 9.060900360345056e-24
    },
    "Kvasir-SEG x AIIMS": {
      "vol": 321000,
      "expected_le6": 5.3762458700014105e-24
    }
  },
  "interpretation": "At hash_size=8 (128-bit joint pHash+dHash), random-collision expected hits at joint<=6 across all 627M cross-bench comparisons is ~0 (numerical underflow). The observed 0 is therefore consistent with the null expectation; specificity is informative only at the much lower volumes typical of intra-benchmark same-modality comparisons (e.g., CV2024 non-KVASIR at <=0.31% intra-bench at the same threshold)."
}