{
  "cv2024_kvasir_val_vs_isic_cross_source_le6": {
    "label_a": "CV2024 KVASIR within-split (joint=0)",
    "k_a": 1381,
    "n_a": 11581,
    "p_a": 0.11924704256972628,
    "ci_a": [
      0.11347056295058298,
      0.12527603264609505
    ],
    "label_b": "ISIC 2019 cross-source (joint<=6)",
    "k_b": 3,
    "n_b": 25331,
    "p_b": 0.00011843196083849829,
    "ci_b": [
      4.0278353220260423e-05,
      0.0003481771591890221
    ],
    "z": 55.9043546430532,
    "p_two_sided": 0.0,
    "ratio_bootstrap": {
      "median_ratio": 1016.351959763521,
      "ci_2.5": 433.7067001602783,
      "ci_97.5": 119160695.24056643,
      "log10_median": 3.0070441289258643,
      "log10_ci_2.5": 2.6371961314412684,
      "log10_ci_97.5": 8.076133028432405
    }
  },
  "cv2024_all_val_vs_isic_cross_source_le6": {
    "label_a": "CV2024 all-validation (joint=0)",
    "k_a": 1381,
    "n_a": 16132,
    "p_a": 0.08560624845028515,
    "ci_a": [
      0.08138687947712753,
      0.09002292681523294
    ],
    "label_b": "ISIC 2019 cross-source (joint<=6)",
    "k_b": 3,
    "n_b": 25331,
    "p_b": 0.00011843196083849829,
    "ci_b": [
      4.0278353220260423e-05,
      0.0003481771591890221
    ],
    "z": 47.24745020295896,
    "p_two_sided": 0.0,
    "ratio_bootstrap": {
      "median_ratio": 730.1522241395922,
      "ci_2.5": 310.4563914122376,
      "ci_97.5": 85606249.45028515,
      "log10_median": 2.8634134124655937,
      "log10_ci_2.5": 2.492000605159595,
      "log10_ci_97.5": 7.9325054703162134
    }
  },
  "cv2024_kvasir_val_vs_isic_ncc_confirmed": {
    "label_a": "CV2024 KVASIR within-split (joint=0)",
    "k_a": 1381,
    "n_a": 11581,
    "p_a": 0.11924704256972628,
    "ci_a": [
      0.11347056295058298,
      0.12527603264609505
    ],
    "label_b": "ISIC 2019 cross-source NCC>=0.99 (pixel-confirmed)",
    "k_b": 2,
    "n_b": 25331,
    "p_b": 7.895464055899886e-05,
    "ci_b": [
      2.165247729702191e-05,
      0.0002878603662484825
    ],
    "z": 55.94230746835082,
    "p_two_sided": 0.0,
    "ratio_bootstrap": {
      "median_ratio": 1524.5215034239263,
      "ci_2.5": 591.8775522175853,
      "ci_97.5": 121926000.48190983,
      "log10_median": 3.1831335544819774,
      "log10_ci_2.5": 2.772231869059702,
      "log10_ci_97.5": 8.086096327946114
    }
  }
}