{
  "n_flagged": 38592,
  "n_ncc_done": 38592,
  "ncc_mean": 0.997513766925436,
  "ncc_ge_99": 35625,
  "ncc_ge_95": 38424,
  "ncc_ge_99_frac": 0.9231187810945274,
  "ncc_ge_95_frac": 0.9956467661691543,
  "per_band": {
    "0": {
      "n": 23444,
      "ncc_ge_99": 21619,
      "ncc_ge_99_frac": 0.9221549223681965,
      "ncc_ge_95": 23379,
      "ncc_ge_95_frac": 0.9972274355911961
    },
    "1": {
      "n": 7818,
      "ncc_ge_99": 7386,
      "ncc_ge_99_frac": 0.9447429009976976,
      "ncc_ge_95": 7796,
      "ncc_ge_95_frac": 0.9971859810693272
    },
    "2": {
      "n": 6997,
      "ncc_ge_99": 6307,
      "ncc_ge_99_frac": 0.9013863084178934,
      "ncc_ge_95": 6919,
      "ncc_ge_95_frac": 0.988852365299414
    },
    "3": {
      "n": 242,
      "ncc_ge_99": 233,
      "ncc_ge_99_frac": 0.9628099173553719,
      "ncc_ge_95": 241,
      "ncc_ge_95_frac": 0.9958677685950413
    },
    "4": {
      "n": 88,
      "ncc_ge_99": 77,
      "ncc_ge_99_frac": 0.875,
      "ncc_ge_95": 86,
      "ncc_ge_95_frac": 0.9772727272727273
    },
    "5": {
      "n": 3,
      "ncc_ge_99": 3,
      "ncc_ge_99_frac": 1.0,
      "ncc_ge_95": 3,
      "ncc_ge_95_frac": 1.0
    }
  }
}
