{
  "by_band": {
    "exact (0)": {
      "n": 23444,
      "ncc_mean": 0.9976096476130151,
      "ncc_median": 0.9995746801845196,
      "ncc_p10": 0.9936274080779725,
      "pct_ge_99": 0.9221549223681965,
      "pct_ge_95": 0.9972274355911961,
      "pct_ge_90": 0.9994454871182392
    },
    "near (1-2)": {
      "n": 14815,
      "ncc_mean": 0.9973643354289115,
      "ncc_median": 0.9995533797000817,
      "ncc_p10": 0.9953127693316368,
      "pct_ge_99": 0.9242659466756665,
      "pct_ge_95": 0.9932500843739454,
      "pct_ge_90": 0.9987175160310496
    },
    "contested (3-6)": {
      "n": 333,
      "ncc_mean": 0.9974116671699198,
      "ncc_median": 0.9995183505991294,
      "ncc_p10": 0.9993508300564047,
      "pct_ge_99": 0.93993993993994,
      "pct_ge_95": 0.990990990990991,
      "pct_ge_90": 1.0
    }
  }
}
