{
  "n_phash_exact": 1381,
  "n_phash_dhash_joint_exact": 292,
  "ncc_values_summary": {
    "n": 1381,
    "mean": 0.9835589872357101,
    "median": 0.9873867729903357,
    "ge_99": 540,
    "ge_95": 1349,
    "ge_80": 1381
  }
}
