{
  "colorjitter_blur": {
    "0": {
      "n_cells": 4,
      "entropy_mean": 1.3467500000000001,
      "pass_mean": 0.14975000000000002,
      "pass_std": 0.01190325585711741,
      "bal_mean": 0.29814999999999997
    },
    "3": {
      "n_cells": 4,
      "entropy_mean": 1.44175,
      "pass_mean": 0.08825000000000001,
      "pass_std": 0.005931905258852335,
      "bal_mean": 0.271275
    },
    "5": {
      "n_cells": 4,
      "entropy_mean": 1.5750000000000002,
      "pass_mean": 0.05075,
      "pass_std": 0.005068283733178324,
      "bal_mean": 0.240475
    }
  },
  "jpeg": {
    "0": {
      "n_cells": 4,
      "entropy_mean": 1.2885,
      "pass_mean": 0.203,
      "pass_std": 0.010999999999999996,
      "bal_mean": 0.279775
    },
    "3": {
      "n_cells": 4,
      "entropy_mean": 1.357,
      "pass_mean": 0.136,
      "pass_std": 0.018000000000000002,
      "bal_mean": 0.26880000000000004
    },
    "5": {
      "n_cells": 4,
      "entropy_mean": 1.5665,
      "pass_mean": 0.0265,
      "pass_std": 0.0195,
      "bal_mean": 0.1616
    }
  },
  "motion_blur": {
    "0": {
      "n_cells": 4,
      "entropy_mean": 1.379,
      "pass_mean": 0.116,
      "pass_std": 0.018000000000000002,
      "bal_mean": 0.293725
    },
    "3": {
      "n_cells": 4,
      "entropy_mean": 1.7505000000000002,
      "pass_mean": 0.005,
      "pass_std": 0.001,
      "bal_mean": 0.206275
    },
    "5": {
      "n_cells": 4,
      "entropy_mean": 1.898,
      "pass_mean": 0.0,
      "pass_std": 0.0,
      "bal_mean": 0.18125
    }
  },
  "noise": {
    "0": {
      "n_cells": 3,
      "entropy_mean": 1.2923333333333333,
      "pass_mean": 0.20266666666666666,
      "pass_std": 0.0032998316455372114,
      "bal_mean": 0.2744
    },
    "3": {
      "n_cells": 2,
      "entropy_mean": 1.4905,
      "pass_mean": 0.057,
      "pass_std": 0.0,
      "bal_mean": 0.25734999999999997
    },
    "5": {
      "n_cells": 2,
      "entropy_mean": 1.573,
      "pass_mean": 0.0365,
      "pass_std": 0.0005000000000000004,
      "bal_mean": 0.2493
    }
  }
}
