{
  "frame_baseline": {
    "split_type": "frame_random_stratified",
    "n_classes": 14,
    "acc": 0.9721987016652555,
    "bal_acc": 0.8344435427917171,
    "f1_macro": 0.8651100358228664,
    "null_acc": null
  },
  "official_baseline": {
    "split_type": "official_video_level_2fold",
    "n_classes": 11,
    "acc": 0.6608151167182257,
    "bal_acc": 0.28635762350018756,
    "f1_macro": 0.2324359366449688,
    "null_acc": 0.727225056727593,
    "per_fold": {
      "fold_0": {
        "acc": 0.653402489626556,
        "bal_acc": 0.2960432907787207,
        "f1_macro": 0.22917481870791254,
        "f1_weighted": 0.6949440108741972,
        "null_acc": 0.7670124481327801,
        "per_class": {
          "Angiectasia": {
            "acc": 0.05263157894736842,
            "n": 95
          },
          "Blood": {
            "acc": 0.0,
            "n": 424
          },
          "Erosion": {
            "acc": 0.13664596273291926,
            "n": 161
          },
          "Erythematous": {
            "acc": 0.18518518518518517,
            "n": 27
          },
          "Foreign Bodies": {
            "acc": 0.5053763440860215,
            "n": 186
          },
          "Ileo-cecal valve": {
            "acc": 0.603299856527977,
            "n": 1394
          },
          "Lymphangiectasia": {
            "acc": 0.13858695652173914,
            "n": 368
          },
          "Normal": {
            "acc": 0.7523938328374358,
            "n": 18485
          },
          "Pylorus": {
            "acc": 0.5972927241962775,
            "n": 591
          },
          "Reduced Mucosal View": {
            "acc": 0.2506994963626189,
            "n": 1787
          },
          "Ulcer": {
            "acc": 0.03436426116838488,
            "n": 582
          }
        }
      },
      "fold_1": {
        "acc": 0.6682277438098955,
        "bal_acc": 0.2766719562216544,
        "f1_macro": 0.23569705458202508,
        "f1_weighted": 0.6758717155454261,
        "null_acc": 0.6874376653224058,
        "per_class": {
          "Angiectasia": {
            "acc": 0.041504539559014265,
            "n": 771
          },
          "Blood": {
            "acc": 0.0,
            "n": 22
          },
          "Erosion": {
            "acc": 0.02608695652173913,
            "n": 345
          },
          "Erythematous": {
            "acc": 0.0,
            "n": 132
          },
          "Foreign Bodies": {
            "acc": 0.13050847457627118,
            "n": 590
          },
          "Ileo-cecal valve": {
            "acc": 0.3595706618962433,
            "n": 2795
          },
          "Lymphangiectasia": {
            "acc": 0.36607142857142855,
            "n": 224
          },
          "Normal": {
            "acc": 0.8306314262284741,
            "n": 15853
          },
          "Pylorus": {
            "acc": 0.7430703624733476,
            "n": 938
          },
          "Reduced Mucosal View": {
            "acc": 0.22609472743521,
            "n": 1119
          },
          "Ulcer": {
            "acc": 0.31985294117647056,
            "n": 272
          }
        }
      }
    }
  },
  "leakage_delta": {
    "bal_acc_frame": 0.8344435427917171,
    "bal_acc_official": 0.28635762350018756,
    "bal_acc_delta": 0.5480859192915295,
    "bal_acc_rel_drop": 0.6568280431026543,
    "acc_frame": 0.9721987016652555,
    "acc_official": 0.6608151167182257,
    "acc_delta": 0.3113835849470298
  }
}
