{
  "n_kvasir": 47238,
  "n_cv2024": 53739,
  "threshold_near_dup": 90,
  "hash_bits": 256,
  "KVASIR": {
    "n": 38592,
    "pdq_exact": 0,
    "pdq_le30": 20362,
    "pdq_le50": 38357,
    "pdq_le90": 38592,
    "pdq_mean": 30.83742744610282,
    "pdq_median": 30.0,
    "pdq_hist_bins": [
      0,
      10,
      30,
      50,
      70,
      90,
      120,
      150,
      180,
      256
    ],
    "pdq_hist": [
      7,
      16156,
      21980,
      449,
      0,
      0,
      0,
      0,
      0
    ]
  },
  "SEE-AI": {
    "n": 14285,
    "pdq_exact": 0,
    "pdq_le30": 0,
    "pdq_le50": 0,
    "pdq_le90": 451,
    "pdq_mean": 98.99838991949598,
    "pdq_median": 100.0,
    "pdq_hist_bins": [
      0,
      10,
      30,
      50,
      70,
      90,
      120,
      150,
      180,
      256
    ],
    "pdq_hist": [
      0,
      0,
      0,
      0,
      262,
      14023,
      0,
      0,
      0
    ]
  },
  "KID": {
    "n": 541,
    "pdq_exact": 0,
    "pdq_le30": 0,
    "pdq_le50": 0,
    "pdq_le90": 39,
    "pdq_mean": 98.02587800369686,
    "pdq_median": 98.0,
    "pdq_hist_bins": [
      0,
      10,
      30,
      50,
      70,
      90,
      120,
      150,
      180,
      256
    ],
    "pdq_hist": [
      0,
      0,
      0,
      0,
      20,
      521,
      0,
      0,
      0
    ]
  },
  "AIIMS": {
    "n": 321,
    "pdq_exact": 0,
    "pdq_le30": 0,
    "pdq_le50": 0,
    "pdq_le90": 320,
    "pdq_mean": 78.7601246105919,
    "pdq_median": 78.0,
    "pdq_hist_bins": [
      0,
      10,
      30,
      50,
      70,
      90,
      120,
      150,
      180,
      256
    ],
    "pdq_hist": [
      0,
      0,
      0,
      15,
      302,
      4,
      0,
      0,
      0
    ]
  }
}
