{
  "n_kvasir": 47238,
  "n_cv2024": 53739,
  "by_cv_dataset": {
    "KID": 541,
    "KVASIR": 38592,
    "SEE-AI": 14285,
    "AIIMS": 321
  },
  "KVASIR": {
    "n_total": 38592,
    "by_split": {
      "training": 27011,
      "validation": 11581
    },
    "phash_hist": {
      "1": 32854,
      "3": 5673,
      "6": 65,
      "10": 0,
      "15": 0,
      "20": 0,
      "30": 0,
      "64": 0
    },
    "dhash_hist": {
      "1": 27431,
      "3": 10893,
      "6": 268,
      "10": 0,
      "15": 0,
      "20": 0,
      "30": 0,
      "64": 0
    },
    "dual_exact": 23444,
    "dual_le2": 38259,
    "dual_le6": 38592,
    "dual_le6_training": 27011,
    "dual_le6_validation": 11581,
    "phash_mean": 0.300735903814262,
    "phash_median": 0.0,
    "dhash_mean": 0.34652259535655056,
    "dhash_median": 0.0
  },
  "SEE-AI": {
    "n_total": 14285,
    "by_split": {
      "training": 9996,
      "validation": 4289
    },
    "phash_hist": {
      "1": 0,
      "3": 0,
      "6": 0,
      "10": 196,
      "15": 12216,
      "20": 1866,
      "30": 7,
      "64": 0
    },
    "dhash_hist": {
      "1": 5,
      "3": 224,
      "6": 1879,
      "10": 6900,
      "15": 5257,
      "20": 20,
      "30": 0,
      "64": 0
    },
    "dual_exact": 0,
    "dual_le2": 0,
    "dual_le6": 3,
    "dual_le6_training": 3,
    "dual_le6_validation": 0,
    "phash_mean": 13.020231011550578,
    "phash_median": 14.0,
    "dhash_mean": 8.40490024501225,
    "dhash_median": 9.0
  },
  "KID": {
    "n_total": 541,
    "by_split": {
      "training": 376,
      "validation": 165
    },
    "phash_hist": {
      "1": 0,
      "3": 0,
      "6": 0,
      "10": 20,
      "15": 450,
      "20": 71,
      "30": 0,
      "64": 0
    },
    "dhash_hist": {
      "1": 4,
      "3": 5,
      "6": 45,
      "10": 217,
      "15": 269,
      "20": 1,
      "30": 0,
      "64": 0
    },
    "dual_exact": 0,
    "dual_le2": 0,
    "dual_le6": 1,
    "dual_le6_training": 1,
    "dual_le6_validation": 0,
    "phash_mean": 12.709796672828096,
    "phash_median": 12.0,
    "dhash_mean": 9.155268022181145,
    "dhash_median": 9.0
  },
  "AIIMS": {
    "n_total": 321,
    "by_split": {
      "training": 224,
      "validation": 97
    },
    "phash_hist": {
      "1": 0,
      "3": 0,
      "6": 1,
      "10": 44,
      "15": 273,
      "20": 3,
      "30": 0,
      "64": 0
    },
    "dhash_hist": {
      "1": 0,
      "3": 4,
      "6": 23,
      "10": 133,
      "15": 160,
      "20": 1,
      "30": 0,
      "64": 0
    },
    "dual_exact": 0,
    "dual_le2": 0,
    "dual_le6": 1,
    "dual_le6_training": 1,
    "dual_le6_validation": 0,
    "phash_mean": 10.809968847352025,
    "phash_median": 10.0,
    "dhash_mean": 9.317757009345794,
    "dhash_median": 10.0
  }
}
