{
  "external_overlap": {
    "KVASIR": {
      "source_file": "artifacts/annotations/cv2024_KVASIR_phash_annotated.csv",
      "n": 38592,
      "joint_phash_dhash_le6": 38592,
      "joint_phash_dhash_le6_rate": 1.0,
      "joint_exact_rate": 0.6074834162520729
    },
    "SEE-AI": {
      "source_file": "artifacts/annotations/cv2024_SEE-AI_phash_annotated.csv",
      "n": 14285,
      "joint_phash_dhash_le6": 3,
      "joint_phash_dhash_le6_rate": 0.00021001050052502624,
      "joint_exact_rate": 0.0
    },
    "KID": {
      "source_file": "artifacts/annotations/cv2024_KID_phash_annotated.csv",
      "n": 541,
      "joint_phash_dhash_le6": 1,
      "joint_phash_dhash_le6_rate": 0.0018484288354898336,
      "joint_exact_rate": 0.0
    },
    "AIIMS": {
      "source_file": "artifacts/annotations/cv2024_AIIMS_phash_annotated.csv",
      "n": 321,
      "joint_phash_dhash_le6": 1,
      "joint_phash_dhash_le6_rate": 0.003115264797507788,
      "joint_exact_rate": 0.0
    }
  },
  "pdq": {
    "n_kvasir": 47238,
    "n_cv2024": 53739,
    "threshold_near_dup": 90,
    "hash_bits": 256,
    "KVASIR": {
      "n": 38592,
      "pdq_exact": 0,
      "pdq_le30": 20362,
      "pdq_le50": 38357,
      "pdq_le90": 38592,
      "pdq_mean": 30.83742744610282,
      "pdq_median": 30.0,
      "pdq_hist_bins": [
        0,
        10,
        30,
        50,
        70,
        90,
        120,
        150,
        180,
        256
      ],
      "pdq_hist": [
        7,
        16156,
        21980,
        449,
        0,
        0,
        0,
        0,
        0
      ]
    },
    "SEE-AI": {
      "n": 14285,
      "pdq_exact": 0,
      "pdq_le30": 0,
      "pdq_le50": 0,
      "pdq_le90": 451,
      "pdq_mean": 98.99838991949598,
      "pdq_median": 100.0,
      "pdq_hist_bins": [
        0,
        10,
        30,
        50,
        70,
        90,
        120,
        150,
        180,
        256
      ],
      "pdq_hist": [
        0,
        0,
        0,
        0,
        262,
        14023,
        0,
        0,
        0
      ]
    },
    "KID": {
      "n": 541,
      "pdq_exact": 0,
      "pdq_le30": 0,
      "pdq_le50": 0,
      "pdq_le90": 39,
      "pdq_mean": 98.02587800369686,
      "pdq_median": 98.0,
      "pdq_hist_bins": [
        0,
        10,
        30,
        50,
        70,
        90,
        120,
        150,
        180,
        256
      ],
      "pdq_hist": [
        0,
        0,
        0,
        0,
        20,
        521,
        0,
        0,
        0
      ]
    },
    "AIIMS": {
      "n": 321,
      "pdq_exact": 0,
      "pdq_le30": 0,
      "pdq_le50": 0,
      "pdq_le90": 320,
      "pdq_mean": 78.7601246105919,
      "pdq_median": 78.0,
      "pdq_hist_bins": [
        0,
        10,
        30,
        50,
        70,
        90,
        120,
        150,
        180,
        256
      ],
      "pdq_hist": [
        0,
        0,
        0,
        15,
        302,
        4,
        0,
        0,
        0
      ]
    }
  },
  "internal_reuse": {
    "kvasir": {
      "n_train": 27011,
      "n_val": 11581,
      "filename_overlap": 0,
      "phash_thresholds": {
        "le0": {
          "n": 1381,
          "frac": 0.11924704256972628
        },
        "le1": {
          "n": 1381,
          "frac": 0.11924704256972628
        },
        "le2": {
          "n": 3182,
          "frac": 0.2747603833865815
        },
        "le3": {
          "n": 3182,
          "frac": 0.2747603833865815
        },
        "le6": {
          "n": 6352,
          "frac": 0.548484586823245
        },
        "le10": {
          "n": 11190,
          "frac": 0.9662378032985062
        },
        "le20": {
          "n": 11581,
          "frac": 1.0
        },
        "le32": {
          "n": 11581,
          "frac": 1.0
        }
      },
      "median_hamming_val_to_train": 6.0,
      "mean_hamming_val_to_train": 5.844573007512305,
      "per_class": [
        {
          "label": "Angioectasia",
          "n": 260,
          "flagged_le0": 23,
          "flagged_le6": 173,
          "median_hamming": 6.0
        },
        {
          "label": "Bleeding",
          "n": 134,
          "flagged_le0": 20,
          "flagged_le6": 84,
          "median_hamming": 6.0
        },
        {
          "label": "Erosion",
          "n": 152,
          "flagged_le0": 5,
          "flagged_le6": 64,
          "median_hamming": 8.0
        },
        {
          "label": "Erythema",
          "n": 48,
          "flagged_le0": 4,
          "flagged_le6": 21,
          "median_hamming": 8.0
        },
        {
          "label": "Foreign Body",
          "n": 233,
          "flagged_le0": 9,
          "flagged_le6": 90,
          "median_hamming": 8.0
        },
        {
          "label": "Lymphangiectasia",
          "n": 178,
          "flagged_le0": 2,
          "flagged_le6": 67,
          "median_hamming": 8.0
        },
        {
          "label": "Normal",
          "n": 10302,
          "flagged_le0": 1311,
          "flagged_le6": 5711,
          "median_hamming": 6.0
        },
        {
          "label": "Polyp",
          "n": 17,
          "flagged_le0": 0,
          "flagged_le6": 1,
          "median_hamming": 10.0
        },
        {
          "label": "Ulcer",
          "n": 257,
          "flagged_le0": 7,
          "flagged_le6": 141,
          "median_hamming": 6.0
        }
      ]
    },
    "all_sources": {
      "KVASIR": {
        "source": "KVASIR",
        "n_train": 27011,
        "n_val": 11581,
        "filename_overlap": 0,
        "phash_hamming_median": 6.0,
        "dhash_hamming_median": 6.0,
        "independent_phash_le6": 6352,
        "independent_phash_le6_frac": 0.548484586823245,
        "independent_phash_le0": 1381,
        "independent_phash_le0_frac": 0.11924704256972628,
        "joint_ph_and_dh_le6": 4896,
        "joint_ph_and_dh_le6_frac": 0.4227614195665314
      },
      "SEE-AI": {
        "source": "SEE-AI",
        "n_train": 9996,
        "n_val": 4289,
        "filename_overlap": 171,
        "phash_hamming_median": 10.0,
        "dhash_hamming_median": 7.0,
        "independent_phash_le6": 368,
        "independent_phash_le6_frac": 0.08580088598740965,
        "independent_phash_le0": 218,
        "independent_phash_le0_frac": 0.05082769876428072,
        "joint_ph_and_dh_le6": 264,
        "joint_ph_and_dh_le6_frac": 0.061552809512706926
      },
      "KID": {
        "source": "KID",
        "n_train": 376,
        "n_val": 165,
        "filename_overlap": 0,
        "phash_hamming_median": 12.0,
        "dhash_hamming_median": 11.0,
        "independent_phash_le6": 10,
        "independent_phash_le6_frac": 0.06060606060606061,
        "independent_phash_le0": 1,
        "independent_phash_le0_frac": 0.006060606060606061,
        "joint_ph_and_dh_le6": 4,
        "joint_ph_and_dh_le6_frac": 0.024242424242424242
      },
      "AIIMS": {
        "source": "AIIMS",
        "n_train": 224,
        "n_val": 97,
        "filename_overlap": 0,
        "phash_hamming_median": 14.0,
        "dhash_hamming_median": 11.0,
        "independent_phash_le6": 7,
        "independent_phash_le6_frac": 0.07216494845360824,
        "independent_phash_le0": 6,
        "independent_phash_le0_frac": 0.061855670103092786,
        "joint_ph_and_dh_le6": 6,
        "joint_ph_and_dh_le6_frac": 0.061855670103092786
      }
    }
  },
  "ncc": {
    "n_flagged": 38592,
    "n_ncc_done": 38592,
    "ncc_mean": 0.997513766925436,
    "ncc_ge_99": 35625,
    "ncc_ge_95": 38424,
    "ncc_ge_99_frac": 0.9231187810945274,
    "ncc_ge_95_frac": 0.9956467661691543,
    "per_band": {
      "0": {
        "n": 23444,
        "ncc_ge_99": 21619,
        "ncc_ge_99_frac": 0.9221549223681965,
        "ncc_ge_95": 23379,
        "ncc_ge_95_frac": 0.9972274355911961
      },
      "1": {
        "n": 7818,
        "ncc_ge_99": 7386,
        "ncc_ge_99_frac": 0.9447429009976976,
        "ncc_ge_95": 7796,