{
  "description": "Trained-only headline analysis used in the paper",
  "le6__all_25": {
    "n": 25,
    "mean_delta_combined": -0.07342259330133069,
    "median_delta_combined": -0.05937320765121501,
    "spearman_rho_within": 0.7507692307692307,
    "kendall_tau_within": 0.6533333333333332,
    "n_rank_changed_within": 18,
    "median_abs_rank_shift": 2.0
  },
  "le6__excl_Team G_24": {
    "n": 24,
    "mean_delta_combined": -0.050320753036948745,
    "median_delta_combined": -0.05808062532453784,
    "spearman_rho_within": 0.8739130434782607,
    "kendall_tau_within": 0.7536231884057971,
    "n_rank_changed_within": 19,
    "median_abs_rank_shift": 1.0
  },
  "le6__trained_19": {
    "n": 19,
    "mean_delta_combined": -0.0623918605968812,
    "median_delta_combined": -0.06434843348948383,
    "spearman_rho_within": 0.7596491228070175,
    "kendall_tau_within": 0.6491228070175439,
    "n_rank_changed_within": 14,
    "median_abs_rank_shift": 1.0
  },
  "le6__trained_no_stem_18": {
    "n": 18,
    "mean_delta_combined": -0.06585807507448571,
    "median_delta_combined": -0.06502082671656723,
    "spearman_rho_within": 0.717234262125903,
    "kendall_tau_within": 0.607843137254902,
    "n_rank_changed_within": 14,
    "median_abs_rank_shift": 1.0
  },
  "le6_plus_internal__all_25": {
    "n": 25,
    "mean_delta_combined": -0.06292327993083448,
    "median_delta_combined": -0.041960896414731996,
    "spearman_rho_within": 0.7999999999999999,
    "kendall_tau_within": 0.7066666666666666,
    "n_rank_changed_within": 18,
    "median_abs_rank_shift": 1.0
  },
  "le6_plus_internal__excl_Team G_24": {
    "n": 24,
    "mean_delta_combined": -0.03933593888821549,
    "median_delta_combined": -0.04037267437520853,
    "spearman_rho_within": 0.9252173913043478,
    "kendall_tau_within": 0.8115942028985507,
    "n_rank_changed_within": 16,
    "median_abs_rank_shift": 1.0
  },
  "le6_plus_internal__trained_19": {
    "n": 19,
    "mean_delta_combined": -0.04877857710482597,
    "median_delta_combined": -0.0423671275145,
    "spearman_rho_within": 0.863157894736842,
    "kendall_tau_within": 0.7426900584795321,
    "n_rank_changed_within": 11,
    "median_abs_rank_shift": 1.0
  },
  "le6_plus_internal__trained_no_stem_18": {
    "n": 18,
    "mean_delta_combined": -0.05148849805509408,
    "median_delta_combined": -0.044988667097628054,
    "spearman_rho_within": 0.8390092879256965,
    "kendall_tau_within": 0.7124183006535948,
    "n_rank_changed_within": 11,
    "median_abs_rank_shift": 1.0
  },
  "attributable__le6__all_25__unstratified": {
    "observed_mean_delta": -0.07342259330133069,
    "null_mean_delta_group_matched": -0.02731146102168246,
    "leakage_attributable_mean_delta": -0.046111132279648234,
    "attributable_null_only_interval_lo": -0.050315508509348475,
    "attributable_null_only_interval_hi": -0.04204696739190392,
    "note": "Interval bounds derived from null-distribution percentiles only; observed-side variance not propagated."
  },
  "attributable__le6__trained_19__unstratified": {
    "observed_mean_delta": -0.0623918605968812,
    "null_mean_delta_group_matched": -4.253617850829918e-05,
    "leakage_attributable_mean_delta": -0.062349324418372896,
    "attributable_null_only_interval_lo": -0.06758714599750287,
    "attributable_null_only_interval_hi": -0.05690557646822665,
    "note": "Interval bounds derived from null-distribution percentiles only; observed-side variance not propagated."
  },
  "attributable__le6__trained_no_stem_18__unstratified": {
    "observed_mean_delta": -0.06585807507448571,
    "null_mean_delta_group_matched": -4.489929953653802e-05,
    "leakage_attributable_mean_delta": -0.06581317577494918,
    "attributable_null_only_interval_lo": -0.0713419874418086,
    "attributable_null_only_interval_hi": -0.06006699738312813,
    "note": "Interval bounds derived from null-distribution percentiles only; observed-side variance not propagated."
  },
  "attributable__le6__all_25__stratified": {
    "observed_mean_delta": -0.07342259330133069,
    "null_mean_delta_group_matched": -0.0272224169678038,
    "leakage_attributable_mean_delta": -0.04620017633352689,
    "attributable_null_only_interval_lo": -0.05048882038770356,
    "attributable_null_only_interval_hi": -0.04166525418801544,
    "note": "Interval bounds derived from null-distribution percentiles only; observed-side variance not propagated."
  },
  "attributable__le6__trained_19__stratified": {
    "observed_mean_delta": -0.0623918605968812,
    "null_mean_delta_group_matched": 5.9799745217456443e-05,
    "leakage_attributable_mean_delta": -0.062451660342098654,
    "attributable_null_only_interval_lo": -0.06764938552168064,
    "attributable_null_only_interval_hi": -0.05692925996994552,
    "note": "Interval bounds derived from null-distribution percentiles only; observed-side variance not propagated."
  },
  "attributable__le6__trained_no_stem_18__stratified": {
    "observed_mean_delta": -0.06585807507448571,
    "null_mean_delta_group_matched": 6.312195328509293e-05,
    "leakage_attributable_mean_delta": -0.0659211970277708,
    "attributable_null_only_interval_lo": -0.07140768471732956,
    "attributable_null_only_interval_hi": -0.0600919966349425,
    "note": "Interval bounds derived from null-distribution percentiles only; observed-side variance not propagated."
  },
  "attributable__le6_plus_internal__all_25__unstratified": {
    "observed_mean_delta": -0.06292327993083448,
    "null_mean_delta_group_matched": -0.02727776070623413,
    "leakage_attributable_mean_delta": -0.03564551922460035,
    "attributable_null_only_interval_lo": -0.03997097656333559,
    "attributable_null_only_interval_hi": -0.031130513075458437,
    "note": "Interval bounds derived from null-distribution percentiles only; observed-side variance not propagated."
  },
  "attributable__le6_plus_internal__trained_19__unstratified": {
    "observed_mean_delta": -0.04877857710482597,
    "null_mean_delta_group_matched": 5.1029263445192645e-05,
    "leakage_attributable_mean_delta": -0.04882960636827116,
    "attributable_null_only_interval_lo": -0.05423811988153655,
    "attributable_null_only_interval_hi": -0.042893330018454516,
    "note": "Interval bounds derived from null-distribution percentiles only; observed-side variance not propagated."
  },
  "attributable__le6_plus_internal__trained_no_stem_18__unstratified": {
    "observed_mean_delta": -0.05148849805509408,
    "null_mean_delta_group_matched": 5.386422252548112e-05,
    "leakage_attributable_mean_delta": -0.05154236227761956,
    "attributable_null_only_interval_lo": -0.05725134876384414,
    "attributable_null_only_interval_hi": -0.04527629279725755,
    "note": "Interval bounds derived from null-distribution percentiles only; observed-side variance not propagated."
  },
  "attributable__le6_plus_internal__all_25__stratified": {
    "observed_mean_delta": -0.06292327993083448,
    "null_mean_delta_group_matched": -0.027255940111868313,
    "leakage_attributable_mean_delta": -0.035667339818966165,
    "attributable_null_only_interval_lo": -0.040217247922700615,
    "attributable_null_only_interval_hi": -0.031109179277370225,
    "note": "Interval bounds derived from null-distribution percentiles only; observed-side variance not propagated."
  },
  "attributable__le6_plus_internal__trained_19__stratified": {
    "observed_mean_delta": -0.04877857710482597,
    "null_mean_delta_group_matched": 8.907235531217977e-05,
    "leakage_attributable_mean_delta": -0.04886764946013815,
    "attributable_null_only_interval_lo": -0.054647339072959884,
    "attributable_null_only_interval_hi": -0.04313634837264099,
    "note": "Interval bounds derived from null-distribution percentiles only; observed-side variance not propagated."
  },
  "attributable__le6_plus_internal__trained_no_stem_18__stratified": {
    "observed_mean_delta": -0.05148849805509408,
    "null_mean_delta_group_matched": 9.402081949618979e-05,