{
  "description": "Paired Wilcoxon signed-rank + paired bootstrap CI on per-team delta_combined. Supersedes attributable_null_only_interval as primary inference.",
  "n_bootstrap_iter": 10000,
  "le6__all_25": {
    "n": 25,
    "observed_mean": -0.07342259330133069,
    "observed_median": -0.05937320765121501,
    "sd_of_deltas": 0.12381875021992153,
    "cohens_d_z": -0.5929844484047904,
    "wilcoxon_W": 15.0,
    "wilcoxon_p_two_sided": 0.00011472012104656033,
    "wilcoxon_p_less": 5.736006052328017e-05,
    "paired_bootstrap_mean": -0.07342259330133069,
    "paired_bootstrap_se": 0.024398332169978925,
    "paired_bootstrap_ci95_lo": -0.1665262667663337,
    "paired_bootstrap_ci95_hi": -0.04342940456233653
  },
  "le6__excl_Team G_24": {
    "n": 24,
    "observed_mean": -0.050320753036948745,
    "observed_median": -0.05808062532453784,
    "sd_of_deltas": 0.045554065147646476,
    "cohens_d_z": -1.1046380355705432,
    "wilcoxon_W": 15.0,
    "wilcoxon_p_two_sided": 0.00018326089691585057,
    "wilcoxon_p_less": 9.163044845792528e-05,
    "paired_bootstrap_mean": -0.050320753036948745,
    "paired_bootstrap_se": 0.009113804847833933,
    "paired_bootstrap_ci95_lo": -0.06737223309262666,
    "paired_bootstrap_ci95_hi": -0.03175448555760569
  },
  "le6__trained_19": {
    "n": 19,
    "observed_mean": -0.0623918605968812,
    "observed_median": -0.06434843348948383,
    "sd_of_deltas": 0.03909114514388505,
    "cohens_d_z": -1.5960612145597641,
    "wilcoxon_W": 1.0,
    "wilcoxon_p_two_sided": 0.00023322933404959118,
    "wilcoxon_p_less": 0.00011661466702479559,
    "paired_bootstrap_mean": -0.0623918605968812,
    "paired_bootstrap_se": 0.008793134835356334,
    "paired_bootstrap_ci95_lo": -0.07927413011694692,
    "paired_bootstrap_ci95_hi": -0.044702058876909825
  },
  "le6__trained_no_stem_18": {
    "n": 18,
    "observed_mean": -0.06585807507448571,
    "observed_median": -0.06502082671656723,
    "sd_of_deltas": 0.037098525003705,
    "cohens_d_z": -1.7752208495596122,
    "wilcoxon_W": 1.0,
    "wilcoxon_p_two_sided": 1.52587890625e-05,
    "wilcoxon_p_less": 7.62939453125e-06,
    "paired_bootstrap_mean": -0.06585807507448571,
    "paired_bootstrap_se": 0.008509136359741185,
    "paired_bootstrap_ci95_lo": -0.0822453792264812,
    "paired_bootstrap_ci95_hi": -0.049198875159916985
  },
  "le6_plus_internal__all_25": {
    "n": 25,
    "observed_mean": -0.06292327993083448,
    "observed_median": -0.041960896414731996,
    "sd_of_deltas": 0.12464350443638453,
    "cohens_d_z": -0.5048259852397621,
    "wilcoxon_W": 24.0,
    "wilcoxon_p_two_sided": 0.0003182171803150673,
    "wilcoxon_p_less": 0.00015910859015753366,
    "paired_bootstrap_mean": -0.06292327993083448,
    "paired_bootstrap_se": 0.024546810908393,
    "paired_bootstrap_ci95_lo": -0.1651274013921551,
    "paired_bootstrap_ci95_hi": -0.03400564172966343
  },
  "le6_plus_internal__excl_Team G_24": {
    "n": 24,
    "observed_mean": -0.03933593888821549,
    "observed_median": -0.04037267437520853,
    "sd_of_deltas": 0.041202829303391315,
    "cohens_d_z": -0.954690237375952,
    "wilcoxon_W": 24.0,
    "wilcoxon_p_two_sided": 0.0005257056661761566,
    "wilcoxon_p_less": 0.0002628528330880783,
    "paired_bootstrap_mean": -0.03933593888821549,
    "paired_bootstrap_se": 0.008254709684737502,
    "paired_bootstrap_ci95_lo": -0.05585948348876228,
    "paired_bootstrap_ci95_hi": -0.023247172378927195
  },
  "le6_plus_internal__trained_19": {
    "n": 19,
    "observed_mean": -0.04877857710482597,
    "observed_median": -0.0423671275145,
    "sd_of_deltas": 0.0365517610424762,
    "cohens_d_z": -1.3345068941587026,
    "wilcoxon_W": 3.0,
    "wilcoxon_p_two_sided": 0.0003270126629328652,
    "wilcoxon_p_less": 0.0001635063314664326,
    "paired_bootstrap_mean": -0.04877857710482597,
    "paired_bootstrap_se": 0.008150717583433352,
    "paired_bootstrap_ci95_lo": -0.06623494375429691,
    "paired_bootstrap_ci95_hi": -0.03393956967864432
  },
  "le6_plus_internal__trained_no_stem_18": {
    "n": 18,
    "observed_mean": -0.05148849805509408,
    "observed_median": -0.044988667097628054,
    "sd_of_deltas": 0.035593312791558245,
    "cohens_d_z": -1.4465778545712031,
    "wilcoxon_W": 3.0,
    "wilcoxon_p_two_sided": 3.814697265625e-05,
    "wilcoxon_p_less": 1.9073486328125e-05,
    "paired_bootstrap_mean": -0.05148849805509408,
    "paired_bootstrap_se": 0.008241285911832768,
    "paired_bootstrap_ci95_lo": -0.06943076121937022,
    "paired_bootstrap_ci95_hi": -0.03696778134803734
  }
}
