{
  "SEE-AI": {
    "n_pairs": 264,
    "n_ncc_computed": 264,
    "mean_ncc": 0.9787813183484655,
    "median_ncc": 1.0,
    "min_ncc": 0.6457031965255737,
    "pct_ge_099": 0.8333333333333334,
    "pct_ge_095": 0.8598484848484849,
    "pct_ge_090": 0.8939393939393939
  },
  "KID": {
    "n_pairs": 4,
    "n_ncc_computed": 4,
    "mean_ncc": 0.9390473663806915,
    "median_ncc": 0.9605860114097595,
    "min_ncc": 0.8352748155593872,
    "pct_ge_099": 0.5,
    "pct_ge_095": 0.5,
    "pct_ge_090": 0.75
  },
  "AIIMS": {
    "n_pairs": 6,
    "n_ncc_computed": 6,
    "mean_ncc": 1.00000003973643,
    "median_ncc": 1.0,
    "min_ncc": 1.0,
    "pct_ge_099": 1.0,
    "pct_ge_095": 1.0,
    "pct_ge_090": 1.0
  }
}
