{
  "le6_size__unstratified": {
    "aggregate": {
      "label": "le6_size",
      "mode": "unstratified",
      "subset_size": 4551,
      "n_trials": 1000,
      "by_group": {
        "all_25": {
          "n_teams": 25,
          "mean_delta_null_mean": -0.02731146102168246,
          "mean_delta_null_p2_5": -0.031375625909426774,
          "mean_delta_null_p97_5": -0.02310708479198222,
          "rho_null_mean": 0.8622753846153846,
          "rho_null_p2_5": 0.8546153846153846,
          "rho_null_p97_5": 0.8669230769230768,
          "n_changed_null_mean": 17.829,
          "n_changed_null_p2_5": 14.0,
          "n_changed_null_p97_5": 21.0
        },
        "trained_19": {
          "n_teams": 19,
          "mean_delta_null_mean": -4.253617850829918e-05,
          "mean_delta_null_p2_5": -0.005486284128654547,
          "mean_delta_null_p97_5": 0.005195285400621677,
          "rho_null_mean": 0.9871824561403508,
          "rho_null_p2_5": 0.9718859649122806,
          "rho_null_p97_5": 0.9982456140350877,
          "n_changed_null_mean": 6.969,
          "n_changed_null_p2_5": 2.0,
          "n_changed_null_p97_5": 11.0
        },
        "trained_no_stem_18": {
          "n_teams": 18,
          "mean_delta_null_mean": -4.489929953653802e-05,
          "mean_delta_null_p2_5": -0.005791077691357578,
          "mean_delta_null_p97_5": 0.005483912367322882,
          "rho_null_mean": 0.9849205366357069,
          "rho_null_p2_5": 0.9669246646026831,
          "rho_null_p97_5": 0.9979360165118679,
          "n_changed_null_mean": 6.969,
          "n_changed_null_p2_5": 2.0,
          "n_changed_null_p97_5": 11.0
        }
      }
    }
  },
  "le6_size__stratified": {
    "aggregate": {
      "label": "le6_size",
      "mode": "stratified",
      "subset_size": 4551,
      "n_trials": 1000,
      "by_group": {
        "all_25": {
          "n_teams": 25,
          "mean_delta_null_mean": -0.0272224169678038,
          "mean_delta_null_p2_5": -0.03175733911331525,
          "mean_delta_null_p97_5": -0.02293377291362713,
          "rho_null_mean": 0.8622438461538461,
          "rho_null_p2_5": 0.8553846153846153,
          "rho_null_p97_5": 0.8669230769230768,
          "n_changed_null_mean": 17.872,
          "n_changed_null_p2_5": 14.0,
          "n_changed_null_p97_5": 21.0
        },
        "trained_19": {
          "n_teams": 19,
          "mean_delta_null_mean": 5.9799745217456443e-05,
          "mean_delta_null_p2_5": -0.005462600626935672,
          "mean_delta_null_p97_5": 0.005257524924799433,
          "rho_null_mean": 0.9871385964912281,
          "rho_null_p2_5": 0.9719298245614034,
          "rho_null_p97_5": 0.9982456140350877,
          "n_changed_null_mean": 6.922,
          "n_changed_null_p2_5": 2.0,
          "n_changed_null_p97_5": 11.0
        },
        "trained_no_stem_18": {
          "n_teams": 18,
          "mean_delta_null_mean": 6.312195328509293e-05,
          "mean_delta_null_p2_5": -0.005766078439543209,
          "mean_delta_null_p97_5": 0.0055496096428438455,
          "rho_null_mean": 0.9848689370485035,
          "rho_null_p2_5": 0.9669762641898865,
          "rho_null_p97_5": 0.9979360165118679,
          "n_changed_null_mean": 6.922,
          "n_changed_null_p2_5": 2.0,
          "n_changed_null_p97_5": 11.0
        }
      }
    }
  },
  "le6_plus_size__unstratified": {
    "aggregate": {
      "label": "le6_plus_size",
      "mode": "unstratified",
      "subset_size": 4326,
      "n_trials": 1000,
      "by_group": {
        "all_25": {
          "n_teams": 25,
          "mean_delta_null_mean": -0.02727776070623413,
          "mean_delta_null_p2_5": -0.03179276685537604,
          "mean_delta_null_p97_5": -0.02295230336749889,
          "rho_null_mean": 0.8619038461538461,
          "rho_null_p2_5": 0.8538461538461539,
          "rho_null_p97_5": 0.8669230769230768,
          "n_changed_null_mean": 17.811,
          "n_changed_null_p2_5": 14.0,
          "n_changed_null_p97_5": 21.0
        },
        "trained_19": {
          "n_teams": 19,
          "mean_delta_null_mean": 5.1029263445192645e-05,
          "mean_delta_null_p2_5": -0.005885247086371453,
          "mean_delta_null_p97_5": 0.005459542776710583,
          "rho_null_mean": 0.9864684210526315,
          "rho_null_p2_5": 0.9684210526315788,
          "rho_null_p97_5": 0.9982456140350877,
          "n_changed_null_mean": 7.18,
          "n_changed_null_p2_5": 2.0,
          "n_changed_null_p97_5": 11.0
        },
        "trained_no_stem_18": {
          "n_teams": 18,
          "mean_delta_null_mean": 5.386422252548112e-05,
          "mean_delta_null_p2_5": -0.0062122052578365335,
          "mean_delta_null_p97_5": 0.005762850708750061,
          "rho_null_mean": 0.9840804953560371,
          "rho_null_p2_5": 0.9628482972136224,
          "rho_null_p97_5": 0.9979360165118679,
          "n_changed_null_mean": 7.18,
          "n_changed_null_p2_5": 2.0,
          "n_changed_null_p97_5": 11.0
        }
      }
    }
  },
  "le6_plus_size__stratified": {
    "aggregate": {
      "label": "le6_plus_size",
      "mode": "stratified",
      "subset_size": 4326,
      "n_trials": 1000,
      "by_group": {
        "all_25": {
          "n_teams": 25,
          "mean_delta_null_mean": -0.027255940111868313,
          "mean_delta_null_p2_5": -0.03181410065346425,
          "mean_delta_null_p97_5": -0.022706032008133863,
          "rho_null_mean": 0.8622492307692308,
          "rho_null_p2_5": 0.8546153846153846,
          "rho_null_p97_5": 0.8669230769230768,
          "n_changed_null_mean": 17.718,
          "n_changed_null_p2_5": 14.0,
          "n_changed_null_p97_5": 21.0
        },
        "trained_19": {
          "n_teams": 19,
          "mean_delta_null_mean": 8.907235531217977e-05,
          "mean_delta_null_p2_5": -0.005642228732184981,
          "mean_delta_null_p97_5": 0.005868761968133916,
          "rho_null_mean": 0.9871385964912281,
          "rho_null_p2_5": 0.9718859649122806,
          "rho_null_p97_5": 0.9964912280701754,
          "n_changed_null_mean": 6.975,
          "n_changed_null_p2_5": 2.0,
          "n_changed_null_p97_5": 11.0
        },
        "trained_no_stem_18": {
          "n_teams": 18,
          "mean_delta_null_mean": 9.402081949618979e-05,
          "mean_delta_null_p2_5": -0.005955685883973036,
          "mean_delta_null_p97_5": 0.006194804299696911,
          "rho_null_mean": 0.9848689370485035,
          "rho_null_p2_5": 0.9669246646026831,
          "rho_null_p97_5": 0.9958720330237358,
          "n_changed_null_mean": 6.975,
          "n_changed_null_p2_5": 2.0,
          "n_changed_null_p97_5": 11.0
        }
      }
    }
  }
}
